<?xml version="1.0" encoding="UTF-8"?>
<project-private xmlns="http://www.netbeans.org/ns/project-private/1">
    <editor-bookmarks xmlns="http://www.netbeans.org/ns/editor-bookmarks/2" lastBookmarkId="0"/>
    <open-files xmlns="http://www.netbeans.org/ns/projectui-open-files/2">
        <group>
            <file>file:/D:/Meus%20Documentos/Documentos/NetBeansProjects/CalculadoraJSP-Servlet-master/Calc/web/META-INF/context.xml</file>
            <file>file:/D:/Meus%20Documentos/Documentos/NetBeansProjects/CalculadoraJSP-Servlet-master/Calc/web/WEB-INF/Principal.jsp</file>
            <file>file:/D:/Meus%20Documentos/Documentos/NetBeansProjects/CalculadoraJSP-Servlet-master/Calc/src/java/Main/Processo.java</file>
            <file>file:/D:/Meus%20Documentos/Documentos/NetBeansProjects/CalculadoraJSP-Servlet-master/Calc/src/conf/MANIFEST.MF</file>
        </group>
    </open-files>
</project-private>
